"DESCRIPTION","DURATION IN MS","NAME","PARENT SUITE","START TIME","STATUS","STOP TIME","SUB SUITE","SUITE","TEST CLASS","TEST METHOD"
"  As a user of the SauceDemo application
  I want to be able to login with valid credentials
  So that I can access the products page","1076","Login with multiple invalid credentials","","2026-09-27","passed","2026-09-27","","User Login Functionality","Login with multiple invalid credentials",""
"  As a user of the SauceDemo application
  I want to be able to login with valid credentials
  So that I can access the products page","1028","Login with invalid username","","2026-09-27","passed","2026-09-27","","User Login Functionality","Login with invalid username",""
"  As a customer
  I want to complete the full purchase flow
  So that I can successfully order products","1390","Complete purchase with different user data","","2026-09-27","passed","2026-09-27","","End-to-End Checkout Process","Complete purchase with different user data",""
"  As a customer
  I want to complete the full purchase flow
  So that I can successfully order products","8953","Complete end-to-end purchase flow","","2026-09-27","passed","2026-09-27","","End-to-End Checkout Process","Complete end-to-end purchase flow",""
"  As a logged-in user
  I want to add and remove products from cart
  So that I can manage my shopping cart","1155","Add single product to cart","","2026-09-27","passed","2026-09-27","","Product Management and Cart Functionality","Add single product to cart",""
"  As a customer
  I want to complete the full purchase flow
  So that I can successfully order products","1342","Complete purchase with different user data","","2026-09-27","passed","2026-09-27","","End-to-End Checkout Process","Complete purchase with different user data",""
"  As a user of the SauceDemo application
  I want to be able to login with valid credentials
  So that I can access the products page","1059","Successful login with valid credentials","","2026-09-27","passed","2026-09-27","","User Login Functionality","Successful login with valid credentials",""
"  As a customer
  I want to complete the full purchase flow
  So that I can successfully order products","1293","Complete purchase with different user data","","2026-09-27","passed","2026-09-27","","End-to-End Checkout Process","Complete purchase with different user data",""
"  As a logged-in user
  I want to add and remove products from cart
  So that I can manage my shopping cart","1126","View cart with added products","","2026-09-27","passed","2026-09-27","","Product Management and Cart Functionality","View cart with added products",""
"  As a user of the SauceDemo application
  I want to be able to login with valid credentials
  So that I can access the products page","1045","Login with locked out user","","2026-09-27","passed","2026-09-27","","User Login Functionality","Login with locked out user",""
"  As a user of the SauceDemo application
  I want to be able to login with valid credentials
  So that I can access the products page","973","Login with multiple invalid credentials","","2026-09-27","passed","2026-09-27","","User Login Functionality","Login with multiple invalid credentials",""
"  As a logged-in user
  I want to add and remove products from cart
  So that I can manage my shopping cart","41787","Remove product from cart","","2026-09-27","passed","2026-09-27","","Product Management and Cart Functionality","Remove product from cart",""
"  As a customer
  I want to complete the full purchase flow
  So that I can successfully order products","1360","Purchase single item with complete checkout","","2026-09-27","passed","2026-09-27","","End-to-End Checkout Process","Purchase single item with complete checkout",""
"  As a user of the SauceDemo application
  I want to be able to login with valid credentials
  So that I can access the products page","990","Login with multiple invalid credentials","","2026-09-27","passed","2026-09-27","","User Login Functionality","Login with multiple invalid credentials",""
"  As a user of the SauceDemo application
  I want to be able to login with valid credentials
  So that I can access the products page","1003","Login with invalid password","","2026-09-27","passed","2026-09-27","","User Login Functionality","Login with invalid password",""
"  As a user of the SauceDemo application
  I want to be able to login with valid credentials
  So that I can access the products page","1027","Successful login using step by step approach","","2026-09-27","passed","2026-09-27","","User Login Functionality","Successful login using step by step approach",""
"  As a logged-in user
  I want to add and remove products from cart
  So that I can manage my shopping cart","1085","Add multiple products to cart","","2026-09-27","passed","2026-09-27","","Product Management and Cart Functionality","Add multiple products to cart",""
"  As a logged-in user
  I want to add and remove products from cart
  So that I can manage my shopping cart","1009","Verify products page displays all items","","2026-09-27","passed","2026-09-27","","Product Management and Cart Functionality","Verify products page displays all items",""
